{
    "A": [
        "PAUSE",
        "mid_a",
        "mid_b",
        "mid_c",
        "mid_d",
        "mid_e",
        "mid_f",
        "mid_g",
        "high_a",
        "high_b",
        "high_c",
        "high_d",
        "high_e",
        "high_f",
        "high_g",
        "PAUSE"
    ],
    "A#": [
        "PAUSE",
        "mid_a_sharp",
        "mid_b_sharp",
        "mid_c_sharp",
        "mid_d_sharp",
        "mid_f",
        "mid_f_sharp",
        "mid_g_sharp",
        "high_a_sharp",
        "high_b_sharp",
        "high_c_sharp",
        "high_d_sharp",
        "high_f",
        "high_f_sharp",
        "high_g_sharp",
        "PAUSE"
    ],
    "B": [
        "PAUSE",
        "mid_a",
        "mid_b",
        "mid_c_sharp",
        "mid_d",
        "mid_e",
        "mid_f_sharp",
        "mid_g",
        "high_a",
        "high_b",
        "high_c_sharp",
        "high_d",
        "high_e",
        "high_f_sharp",
        "high_g",
        "PAUSE"
    ],
    "C": [
        "PAUSE",
        "mid_a_sharp",
        "mid_c",
        "mid_d",
        "mid_d_sharp",
        "mid_f",
        "mid_g",
        "mid_g_sharp",
        "high_a_sharp",
        "high_c",
        "high_d",
        "high_d_sharp",
        "high_f",
        "high_g",
        "high_g_sharp",
        "PAUSE"
    ],
    "C#": [
        "PAUSE",
        "mid_a",
        "mid_b",
        "mid_c_sharp",
        "mid_d_sharp",
        "mid_e",
        "mid_f_sharp",
        "mid_g_sharp",
        "high_a",
        "high_b",
        "high_c_sharp",
        "high_d_sharp",
        "high_e",
        "high_f_sharp",
        "high_g_sharp",
        "PAUSE"
    ],
    "D": [
        "PAUSE",
        "mid_a",
        "mid_a_sharp",
        "mid_c",
        "mid_d",
        "mid_e",
        "mid_f",
        "mid_g",
        "high_a",
        "high_a_sharp",
        "high_c",
        "high_d",
        "high_e",
        "high_f",
        "high_g",
        "PAUSE"
    ],
    "D#": [
        "PAUSE",
        "mid_a_sharp",
        "mid_b",
        "mid_c_sharp",
        "mid_d_sharp",
        "mid_e_sharp",
        "mid_f_sharp",
        "mid_g_sharp",
        "high_a_sharp",
        "high_b",
        "high_c_sharp",
        "high_d_sharp",
        "high_e_sharp",
        "high_f_sharp",
        "high_g_sharp",
        "PAUSE"
    ],
    "E": [
        "PAUSE",
        "mid_a",
        "mid_b",
        "mid_c",
        "mid_d",
        "mid_e",
        "mid_f_sharp",
        "mid_g",
        "high_a",
        "high_b",
        "high_c",
        "high_d",
        "high_e",
        "high_f_sharp",
        "high_g",
        "PAUSE"
    ],
    "F": [
        "PAUSE",
        "mid_a_sharp",
        "mid_c",
        "mid_c_sharp",
        "mid_d_sharp",
        "mid_f",
        "mid_g",
        "mid_g_sharp",
        "high_a_sharp",
        "high_c",
        "high_c_sharp",
        "high_d_sharp",
        "high_f",
        "high_g",
        "high_g_sharp",
        "PAUSE"
    ],
    "F#": [
        "PAUSE",
        "mid_a",
        "mid_b",
        "mid_c_sharp",
        "mid_d",
        "mid_e",
        "mid_f_sharp",
        "mid_g_sharp",
        "high_a",
        "high_b",
        "high_c_sharp",
        "high_d",
        "high_e",
        "high_f_sharp",
        "high_g_sharp",
        "PAUSE"
    ],
    "G": [
        "PAUSE",
        "mid_a",
        "mid_a_sharp",
        "mid_c",
        "mid_d",
        "mid_d_sharp",
        "mid_f",
        "mid_g",
        "high_a",
        "high_a_sharp",
        "high_c",
        "high_d",
        "high_d_sharp",
        "high_f",
        "high_g",
        "PAUSE"
    ],
    "G#": [
        "PAUSE",
        "mid_a_sharp",
        "mid_b",
        "mid_c_sharp",
        "mid_d_sharp",
        "mid_e",
        "mid_f_sharp",
        "mid_g_sharp",
        "high_a_sharp",
        "high_b",
        "high_c_sharp",
        "high_d_sharp",
        "high_e",
        "high_f_sharp",
        "high_g_sharp",
        "PAUSE"
    ]
}