{
    "A": [
        "A3",
        "B3",
        "C4",
        "D4",
        "E4",
        "F4",
        "G4",
        "A4",
        "B4",
        "C5",
        "D5",
        "E5",
        "F5",
        "G5",
        "A5",
        "PAUSE"
    ],
    "A#": [
        "A#3",
        "B#3",
        "C#4",
        "D#4",
        "F4",
        "F#4",
        "G#4",
        "A#4",
        "B#4",
        "C#5",
        "D#5",
        "F5",
        "F#5",
        "G#5",
        "A#5",
        "PAUSE"
    ],
    "B": [
        "B3",
        "C#4",
        "D4",
        "E4",
        "F#4",
        "G4",
        "A4",
        "B4",
        "C#5",
        "D5",
        "E5",
        "F#5",
        "G5",
        "A5",
        "B5",
        "PAUSE"
    ],
    "C": [
        "C4",
        "D4",
        "D#4",
        "F4",
        "G4",
        "G#4",
        "A#4",
        "C5",
        "D5",
        "D#5",
        "F5",
        "G5",
        "G#5",
        "A#5",
        "C6",
        "PAUSE"
    ],
    "C#": [
        "C#3",
        "D#3",
        "E3",
        "F#3",
        "G#3",
        "A3",
        "B3",
        "C#4",
        "D#4",
        "E4",
        "F#4",
        "G#4",
        "A4",
        "B4",
        "C#5",
        "PAUSE"
    ],
    "D": [
        "D3",
        "E3",
        "F3",
        "G3",
        "A3",
        "A#3",
        "C4",
        "D4",
        "E4",
        "F4",
        "G4",
        "A4",
        "A#4",
        "C5",
        "D5",
        "PAUSE"
    ],
    "D#": [
        "D#3",
        "E#3",
        "F#3",
        "G#3",
        "A#3",
        "B3",
        "C#4",
        "D#4",
        "E#4",
        "F#4",
        "G#4",
        "A#4",
        "B4",
        "C#5",
        "D#5",
        "PAUSE"
    ],
    "E": [
        "E3",
        "F#3",
        "G3",
        "A3",
        "B3",
        "C4",
        "D4",
        "E4",
        "F#4",
        "G4",
        "A4",
        "B4",
        "C5",
        "D5",
        "E5",
        "PAUSE"
    ],
    "F": [
        "F3",
        "G3",
        "G#3",
        "A#3",
        "C4",
        "C#5",
        "D#5",
        "F5",
        "G5",
        "G#5",
        "A#5",
        "C6",
        "C#7",
        "D#7",
        "F7",
        "PAUSE"
    ],
    "F#": [
        "F#3",
        "G#3",
        "A3",
        "B3",
        "C#4",
        "D4",
        "E4",
        "F#4",
        "G#4",
        "A4",
        "B4",
        "C#5",
        "D5",
        "E5",
        "F#5",
        "PAUSE"
    ],
    "G": [
        "G3",
        "A3",
        "A#3",
        "C4",
        "D4",
        "D#4",
        "F4",
        "G4",
        "A4",
        "A#4",
        "C5",
        "D5",
        "D#5",
        "F5",
        "G5",
        "PAUSE"
    ],
    "G#": [
        "G#3",
        "A#3",
        "B3",
        "C#4",
        "D#4",
        "E4",
        "F#4",
        "G#4",
        "A#4",
        "B4",
        "C#5",
        "D#5",
        "E5",
        "F#5",
        "G#5",
        "PAUSE"
    ]
}