{
    "cod": "200",
    "message": 0.0044,
    "cnt": 40,
    "list": [
        {
            "dt": 1549735200,
            "main": {
                "temp": 264.97,
                "temp_min": 264.97,
                "temp_max": 265.784,
                "pressure": 1027.61,
                "sea_level": 1049.97,
                "grnd_level": 1027.61,
                "humidity": 52,
                "temp_kf": -0.82
            },
            "weather": [
                {
                    "id": 800,
                    "main": "Clear",
                    "description": "clear sky",
                    "icon": "01d"
                }
            ],
            "clouds": {
                "all": 0
            },
            "wind": {
                "speed": 3.53,
                "deg": 301
            },
            "snow": {},
            "sys": {
                "pod": "d"
            },
            "dt_txt": "2019-02-09 18:00:00"
        },
        {
            "dt": 1549746000,
            "main": {
                "temp": 265.38,
                "temp_min": 265.38,
                "temp_max": 265.996,
                "pressure": 1027.77,
                "sea_level": 1050.1,
                "grnd_level": 1027.77,
                "humidity": 51,
                "temp_kf": -0.61
            },
            "weather": [
                {
                    "id": 800,
                    "main": "Clear",
                    "description": "clear sky",
                    "icon": "01d"
                }
            ],
            "clouds": {
                "all": 0
            },
            "wind": {
                "speed": 2.93,
                "deg": 284
            },
            "snow": {},
            "sys": {
                "pod": "d"
            },
            "dt_txt": "2019-02-09 21:00:00"
        },
        {
            "dt": 1549756800,
            "main": {
                "temp": 262.79,
                "temp_min": 262.79,
                "temp_max": 263.197,
                "pressure": 1028.26,
                "sea_level": 1050.72,
                "grnd_level": 1028.26,
                "humidity": 57,
                "temp_kf": -0.41
            },
            "weather": [
                {
                    "id": 800,
                    "main": "Clear",
                    "description": "clear sky",
                    "icon": "01n"
                }
            ],
            "clouds": {
                "all": 0
            },
            "wind": {
                "speed": 2.61,
                "deg": 277.504
            },
            "snow": {},
            "sys": {
                "pod": "n"
            },
            "dt_txt": "2019-02-10 00:00:00"
        },
        {
            "dt": 1549767600,
            "main": {
                "temp": 261.29,
                "temp_min": 261.29,
                "temp_max": 261.49,
                "pressure": 1028.4,
                "sea_level": 1051.06,
                "grnd_level": 1028.4,
                "humidity": 59,
                "temp_kf": -0.2
            },
            "weather": [
                {
                    "id": 800,
                    "main": "Clear",
                    "description": "clear sky",
                    "icon": "01n"
                }
            ],
            "clouds": {
                "all": 0
            },
            "wind": {
                "speed": 2.47,
                "deg": 282.004
            },
            "snow": {},
            "sys": {
                "pod": "n"
            },
            "dt_txt": "2019-02-10 03:00:00"
        },
        {
            "dt": 1549778400,
            "main": {
                "temp": 259.979,
                "temp_min": 259.979,
                "temp_max": 259.979,
                "pressure": 1028.15,
                "sea_level": 1050.85,
                "grnd_level": 1028.15,
                "humidity": 67,
                "temp_kf": 0
            },
            "weather": [
                {
                    "id": 800,
                    "main": "Clear",
                    "description": "clear sky",
                    "icon": "02n"
                }
            ],
            "clouds": {
                "all": 8
            },
            "wind": {
                "speed": 2.28,
                "deg": 288.002
            },
            "snow": {},
            "sys": {
                "pod": "n"
            },
            "dt_txt": "2019-02-10 06:00:00"
        },
        {
            "dt": 1549789200,
            "main": {
                "temp": 259.525,
                "temp_min": 259.525,
                "temp_max": 259.525,
                "pressure": 1027.5,
                "sea_level": 1050.36,
                "grnd_level": 1027.5,
                "humidity": 69,
                "temp_kf": 0
            },
            "weather": [
                {
                    "id": 802,
                    "main": "Clouds",
                    "description": "scattered clouds",
                    "icon": "03n"
                }
            ],
            "clouds": {
                "all": 44
            },
            "wind": {
                "speed": 2.05,
                "deg": 277.501
            },
            "snow": {},
            "sys": {
                "pod": "n"
            },
            "dt_txt": "2019-02-10 09:00:00"
        },
        {
            "dt": 1549800000,
            "main": {
                "temp": 259.789,
                "temp_min": 259.789,
                "temp_max": 259.789,
                "pressure": 1027.48,
                "sea_level": 1050.3,
                "grnd_level": 1027.48,
                "humidity": 68,
                "temp_kf": 0
            },
            "weather": [
                {
                    "id": 800,
                    "main": "Clear",
                    "description": "clear sky",
                    "icon": "01n"
                }
            ],
            "clouds": {
                "all": 64
            },
            "wind": {
                "speed": 1.96,
                "deg": 276.506
            },
            "snow": {
                "3h": 0.007
            },
            "sys": {
                "pod": "n"
            },
            "dt_txt": "2019-02-10 12:00:00"
        },
        {
            "dt": 1549810800,
            "main": {
                "temp": 262.499,
                "temp_min": 262.499,
                "temp_max": 262.499,
                "pressure": 1027.12,
                "sea_level": 1049.72,
                "grnd_level": 1027.12,
                "humidity": 67,
                "temp_kf": 0
            },
            "weather": [
                {
                    "id": 800,
                    "main": "Clear",
                    "description": "clear sky",
                    "icon": "01d"
                }
            ],
            "clouds": {
                "all": 0
            },
            "wind": {
                "speed": 2.11,
                "deg": 279.003
            },
            "snow": {},
            "sys": {
                "pod": "d"
            },
            "dt_txt": "2019-02-10 15:00:00"
        },
        {
            "dt": 1549821600,
            "main": {
                "temp": 265.23,
                "temp_min": 265.23,
                "temp_max": 265.23,
                "pressure": 1025.19,
                "sea_level": 1047.47,
                "grnd_level": 1025.19,
                "humidity": 59,
                "temp_kf": 0
            },
            "weather": [
                {
                    "id": 800,
                    "main": "Clear",
                    "description": "clear sky",
                    "icon": "01d"
                }
            ],
            "clouds": {
                "all": 0
            },
            "wind": {
                "speed": 2.76,
                "deg": 273.503
            },
            "snow": {},
            "sys": {
                "pod": "d"
            },
            "dt_txt": "2019-02-10 18:00:00"
        },
        {
            "dt": 1549832400,
            "main": {
                "temp": 265.54,
                "temp_min": 265.54,
                "temp_max": 265.54,
                "pressure": 1023.2,
                "sea_level": 1045.38,
                "grnd_level": 1023.2,
                "humidity": 57,
                "temp_kf": 0
            },
            "weather": [
                {
                    "id": 800,
                    "main": "Clear",
                    "description": "clear sky",
                    "icon": "01d"
                }
            ],
            "clouds": {
                "all": 0
            },
            "wind": {
                "speed": 2.86,
                "deg": 285
            },
            "snow": {},
            "sys": {
                "pod": "d"
            },
            "dt_txt": "2019-02-10 21:00:00"
        },
        {
            "dt": 1549843200,
            "main": {
                "temp": 262.308,
                "temp_min": 262.308,
                "temp_max": 262.308,
                "pressure": 1023.55,
                "sea_level": 1046.01,
                "grnd_level": 1023.55,
                "humidity": 67,
                "temp_kf": 0
            },
            "weather": [
                {
                    "id": 801,
                    "main": "Clouds",
                    "description": "few clouds",
                    "icon": "02n"
                }
            ],
            "clouds": {
                "all": 24
            },
            "wind": {
                "speed": 2.27,
                "deg": 289.503
            },
            "snow": {},
            "sys": {
                "pod": "n"
            },
            "dt_txt": "2019-02-11 00:00:00"
        },
        {
            "dt": 1549854000,
            "main": {
                "temp": 260.548,
                "temp_min": 260.548,
                "temp_max": 260.548,
                "pressure": 1023.16,
                "sea_level": 1045.74,
                "grnd_level": 1023.16,
                "humidity": 64,
                "temp_kf": 0
            },
            "weather": [
                {
                    "id": 802,
                    "main": "Clouds",
                    "description": "scattered clouds",
                    "icon": "03n"
                }
            ],
            "clouds": {
                "all": 36
            },
            "wind": {
                "speed": 2.11,
                "deg": 322.001
            },
            "snow": {},
            "sys": {
                "pod": "n"
            },
            "dt_txt": "2019-02-11 03:00:00"
        },
        {
            "dt": 1549864800,
            "main": {
                "temp": 258.334,
                "temp_min": 258.334,
                "temp_max": 258.334,
                "pressure": 1023.47,
                "sea_level": 1046.23,
                "grnd_level": 1023.47,
                "humidity": 68,
                "temp_kf": 0
            },
            "weather": [
                {
                    "id": 801,
                    "main": "Clouds",
                    "description": "few clouds",
                    "icon": "02n"
                }
            ],
            "clouds": {
                "all": 20
            },
            "wind": {
                "speed": 1.87,
                "deg": 333.003
            },
            "snow": {},
            "sys": {
                "pod": "n"
            },
            "dt_txt": "2019-02-11 06:00:00"
        },
        {
            "dt": 1549875600,
            "main": {
                "temp": 256.098,
                "temp_min": 256.098,
                "temp_max": 256.098,
                "pressure": 1024.68,
                "sea_level": 1047.71,
                "grnd_level": 1024.68,
                "humidity": 71,
                "temp_kf": 0
            },
            "weather": [
                {
                    "id": 800,
                    "main": "Clear",
                    "description": "clear sky",
                    "icon": "02n"
                }
            ],
            "clouds": {
                "all": 8
            },
            "wind": {
                "speed": 1.91,
                "deg": 331.505
            },
            "snow": {},
            "sys": {
                "pod": "n"
            },
            "dt_txt": "2019-02-11 09:00:00"
        },
        {
            "dt": 1549886400,
            "main": {
                "temp": 254.383,
                "temp_min": 254.383,
                "temp_max": 254.383,
                "pressure": 1025.72,
                "sea_level": 1048.85,
                "grnd_level": 1025.72,
                "humidity": 71,
                "temp_kf": 0
            },
            "weather": [
                {
                    "id": 800,
                    "main": "Clear",
                    "description": "clear sky",
                    "icon": "01n"
                }
            ],
            "clouds": {
                "all": 0
            },
            "wind": {
                "speed": 2.08,
                "deg": 346.506
            },
            "snow": {},
            "sys": {
                "pod": "n"
            },
            "dt_txt": "2019-02-11 12:00:00"
        },
        {
            "dt": 1549897200,
            "main": {
                "temp": 257.556,
                "temp_min": 257.556,
                "temp_max": 257.556,
                "pressure": 1026.81,
                "sea_level": 1049.82,
                "grnd_level": 1026.81,
                "humidity": 54,
                "temp_kf": 0
            },
            "weather": [
                {
                    "id": 800,
                    "main": "Clear",
                    "description": "clear sky",
                    "icon": "01d"
                }
            ],
            "clouds": {
                "all": 0
            },
            "wind": {
                "speed": 1.86,
                "deg": 358.501
            },
            "snow": {},
            "sys": {
                "pod": "d"
            },
            "dt_txt": "2019-02-11 15:00:00"
        },
        {
            "dt": 1549908000,
            "main": {
                "temp": 261.148,
                "temp_min": 261.148,
                "temp_max": 261.148,
                "pressure": 1026.26,
                "sea_level": 1048.94,
                "grnd_level": 1026.26,
                "humidity": 61,
                "temp_kf": 0
            },
            "weather": [
                {
                    "id": 800,
                    "main": "Clear",
                    "description": "clear sky",
                    "icon": "01d"
                }
            ],
            "clouds": {
                "all": 0
            },
            "wind": {
                "speed": 1.67,
                "deg": 341.504
            },
            "snow": {},
            "sys": {
                "pod": "d"
            },
            "dt_txt": "2019-02-11 18:00:00"
        },
        {
            "dt": 1549918800,
            "main": {
                "temp": 261.871,
                "temp_min": 261.871,
                "temp_max": 261.871,
                "pressure": 1025.92,
                "sea_level": 1048.51,
                "grnd_level": 1025.92,
                "humidity": 51,
                "temp_kf": 0
            },
            "weather": [
                {
                    "id": 800,
                    "main": "Clear",
                    "description": "clear sky",
                    "icon": "01d"
                }
            ],
            "clouds": {
                "all": 0
            },
            "wind": {
                "speed": 1.97,
                "deg": 356.501
            },
            "snow": {},
            "sys": {
                "pod": "d"
            },
            "dt_txt": "2019-02-11 21:00:00"
        },
        {
            "dt": 1549929600,
            "main": {
                "temp": 257.44,
                "temp_min": 257.44,
                "temp_max": 257.44,
                "pressure": 1027.28,
                "sea_level": 1050.1,
                "grnd_level": 1027.28,
                "humidity": 55,
                "temp_kf": 0
            },
            "weather": [
                {
                    "id": 800,
                    "main": "Clear",
                    "description": "clear sky",
                    "icon": "01n"
                }
            ],
            "clouds": {
                "all": 0
            },
            "wind": {
                "speed": 2.06,
                "deg": 3.00464
            },
            "snow": {},
            "sys": {
                "pod": "n"
            },
            "dt_txt": "2019-02-12 00:00:00"
        },
        {
            "dt": 1549940400,
            "main": {
                "temp": 255.583,
                "temp_min": 255.583,
                "temp_max": 255.583,
                "pressure": 1027.79,
                "sea_level": 1050.88,
                "grnd_level": 1027.79,
                "humidity": 64,
                "temp_kf": 0
            },
            "weather": [
                {
                    "id": 800,
                    "main": "Clear",
                    "description": "clear sky",
                    "icon": "01n"
                }
            ],
            "clouds": {
                "all": 0
            },
            "wind": {
                "speed": 2.16,
                "deg": 19.0035
            },
            "snow": {},
            "sys": {
                "pod": "n"
            },
            "dt_txt": "2019-02-12 03:00:00"
        },
        {
            "dt": 1549951200,
            "main": {
                "temp": 254.949,
                "temp_min": 254.949,
                "temp_max": 254.949,
                "pressure": 1027.54,
                "sea_level": 1050.75,
                "grnd_level": 1027.54,
                "humidity": 68,
                "temp_kf": 0
            },
            "weather": [
                {
                    "id": 800,
                    "main": "Clear",
                    "description": "clear sky",
                    "icon": "02n"
                }
            ],
            "clouds": {
                "all": 8
            },
            "wind": {
                "speed": 2.16,
                "deg": 32.5006
            },
            "snow": {},
            "sys": {
                "pod": "n"
            },
            "dt_txt": "2019-02-12 06:00:00"
        },
        {
            "dt": 1549962000,
            "main": {
                "temp": 252.833,
                "temp_min": 252.833,
                "temp_max": 252.833,
                "pressure": 1027.34,
                "sea_level": 1050.68,
                "grnd_level": 1027.34,
                "humidity": 68,
                "temp_kf": 0
            },
            "weather": [
                {
                    "id": 801,
                    "main": "Clouds",
                    "description": "few clouds",
                    "icon": "02n"
                }
            ],
            "clouds": {
                "all": 20
            },
            "wind": {
                "speed": 1.31,
                "deg": 40.0047
            },
            "snow": {},
            "sys": {
                "pod": "n"
            },
            "dt_txt": "2019-02-12 09:00:00"
        },
        {
            "dt": 1549972800,
            "main": {
                "temp": 252.295,
                "temp_min": 252.295,
                "temp_max": 252.295,
                "pressure": 1026.66,
                "sea_level": 1049.78,
                "grnd_level": 1026.66,
                "humidity": 71,
                "temp_kf": 0
            },
            "weather": [
                {
                    "id": 800,
                    "main": "Clear",
                    "description": "clear sky",
                    "icon": "02n"
                }
            ],
            "clouds": {
                "all": 8
            },
            "wind": {
                "speed": 1.63,
                "deg": 57.5042
            },
            "snow": {},
            "sys": {
                "pod": "n"
            },
            "dt_txt": "2019-02-12 12:00:00"
        },
        {
            "dt": 1549983600,
            "main": {
                "temp": 258.595,
                "temp_min": 258.595,
                "temp_max": 258.595,
                "pressure": 1024.15,
                "sea_level": 1047.05,
                "grnd_level": 1024.15,
                "humidity": 58,
                "temp_kf": 0
            },
            "weather": [
                {
                    "id": 802,
                    "main": "Clouds",
                    "description": "scattered clouds",
                    "icon": "03d"
                }
            ],
            "clouds": {
                "all": 32
            },
            "wind": {
                "speed": 2.61,
                "deg": 75.0028
            },
            "snow": {},
            "sys": {
                "pod": "d"
            },
            "dt_txt": "2019-02-12 15:00:00"
        },
        {
            "dt": 1549994400,
            "main": {
                "temp": 262.102,
                "temp_min": 262.102,
                "temp_max": 262.102,
                "pressure": 1020.87,
                "sea_level": 1043.37,
                "grnd_level": 1020.87,
                "humidity": 62,
                "temp_kf": 0
            },
            "weather": [
                {
                    "id": 803,
                    "main": "Clouds",
                    "description": "broken clouds",
                    "icon": "04d"
                }
            ],
            "clouds": {
                "all": 76
            },
            "wind": {
                "speed": 2.97,
                "deg": 86.0003
            },
            "snow": {},
            "sys": {
                "pod": "d"
            },
            "dt_txt": "2019-02-12 18:00:00"
        },
        {
            "dt": 1550005200,
            "main": {
                "temp": 263.303,
                "temp_min": 263.303,
                "temp_max": 263.303,
                "pressure": 1017.98,
                "sea_level": 1040.26,
                "grnd_level": 1017.98,
                "humidity": 62,
                "temp_kf": 0
            },
            "weather": [
                {
                    "id": 600,
                    "main": "Snow",
                    "description": "light snow",
                    "icon": "13d"
                }
            ],
            "clouds": {
                "all": 92
            },
            "wind": {
                "speed": 3.53,
                "deg": 93.5065
            },
            "snow": {
                "3h": 0.0725
            },
            "sys": {
                "pod": "d"
            },
            "dt_txt": "2019-02-12 21:00:00"
        },
        {
            "dt": 1550016000,
            "main": {
                "temp": 262.581,
                "temp_min": 262.581,
                "temp_max": 262.581,
                "pressure": 1015.32,
                "sea_level": 1037.6,
                "grnd_level": 1015.32,
                "humidity": 71,
                "temp_kf": 0
            },
            "weather": [
                {
                    "id": 600,
                    "main": "Snow",
                    "description": "light snow",
                    "icon": "13n"
                }
            ],
            "clouds": {
                "all": 92
            },
            "wind": {
                "speed": 4.06,
                "deg": 96.5048
            },
            "snow": {
                "3h": 0.75
            },
            "sys": {
                "pod": "n"
            },
            "dt_txt": "2019-02-13 00:00:00"
        },
        {
            "dt": 1550026800,
            "main": {
                "temp": 263.912,
                "temp_min": 263.912,
                "temp_max": 263.912,
                "pressure": 1010.38,
                "sea_level": 1032.43,
                "grnd_level": 1010.38,
                "humidity": 80,
                "temp_kf": 0
            },
            "weather": [
                {
                    "id": 601,
                    "main": "Snow",
                    "description": "snow",
                    "icon": "13n"
                }
            ],
            "clouds": {
                "all": 92
            },
            "wind": {
                "speed": 4.67,
                "deg": 96.0011
            },
            "snow": {
                "3h": 2.6625
            },
            "sys": {
                "pod": "n"
            },
            "dt_txt": "2019-02-13 03:00:00"
        },
        {
            "dt": 1550037600,
            "main": {
                "temp": 265.293,
                "temp_min": 265.293,
                "temp_max": 265.293,
                "pressure": 1005.11,
                "sea_level": 1026.92,
                "grnd_level": 1005.11,
                "humidity": 81,
                "temp_kf": 0
            },
            "weather": [
                {
                    "id": 601,
                    "main": "Snow",
                    "description": "snow",
                    "icon": "13n"
                }
            ],
            "clouds": {
                "all": 92
            },
            "wind": {
                "speed": 4.76,
                "deg": 94.0018
            },
            "snow": {
                "3h": 3.0575
            },
            "sys": {
                "pod": "n"
            },
            "dt_txt": "2019-02-13 06:00:00"
        },
        {
            "dt": 1550048400,
            "main": {
                "temp": 266.303,
                "temp_min": 266.303,
                "temp_max": 266.303,
                "pressure": 998.69,
                "sea_level": 1020.41,
                "grnd_level": 998.69,
                "humidity": 79,
                "temp_kf": 0
            },
            "weather": [
                {
                    "id": 601,
                    "main": "Snow",
                    "description": "snow",
                    "icon": "13n"
                }
            ],
            "clouds": {
                "all": 92
            },
            "wind": {
                "speed": 5.22,
                "deg": 90.5013
            },
            "snow": {
                "3h": 2.72
            },
            "sys": {
                "pod": "n"
            },
            "dt_txt": "2019-02-13 09:00:00"
        },
        {
            "dt": 1550059200,
            "main": {
                "temp": 267.214,
                "temp_min": 267.214,
                "temp_max": 267.214,
                "pressure": 993.6,
                "sea_level": 1015.15,
                "grnd_level": 993.6,
                "humidity": 81,
                "temp_kf": 0
            },
            "weather": [
                {
                    "id": 601,
                    "main": "Snow",
                    "description": "snow",
                    "icon": "13n"
                }
            ],
            "clouds": {
                "all": 92
            },
            "wind": {
                "speed": 5.26,
                "deg": 84.5039
            },
            "snow": {
                "3h": 4.5925
            },
            "sys": {
                "pod": "n"
            },
            "dt_txt": "2019-02-13 12:00:00"
        },
        {
            "dt": 1550070000,
            "main": {
                "temp": 268.941,
                "temp_min": 268.941,
                "temp_max": 268.941,
                "pressure": 991.5,
                "sea_level": 1012.83,
                "grnd_level": 991.5,
                "humidity": 78,
                "temp_kf": 0
            },
            "weather": [
                {
                    "id": 601,
                    "main": "Snow",
                    "description": "snow",
                    "icon": "13d"
                }
            ],
            "clouds": {
                "all": 92
            },
            "wind": {
                "speed": 4.67,
                "deg": 78.5066
            },
            "snow": {
                "3h": 2.4075
            },
            "sys": {
                "pod": "d"
            },
            "dt_txt": "2019-02-13 15:00:00"
        },
        {
            "dt": 1550080800,
            "main": {
                "temp": 270.313,
                "temp_min": 270.313,
                "temp_max": 270.313,
                "pressure": 990.95,
                "sea_level": 1012.21,
                "grnd_level": 990.95,
                "humidity": 74,
                "temp_kf": 0
            },
            "weather": [
                {
                    "id": 600,
                    "main": "Snow",
                    "description": "light snow",
                    "icon": "13d"
                }
            ],
            "clouds": {
                "all": 92
            },
            "wind": {
                "speed": 3.45,
                "deg": 74.0026
            },
            "snow": {
                "3h": 1.2275
            },
            "sys": {
                "pod": "d"
            },
            "dt_txt": "2019-02-13 18:00:00"
        },
        {
            "dt": 1550091600,
            "main": {
                "temp": 269.992,
                "temp_min": 269.992,
                "temp_max": 269.992,
                "pressure": 993.4,
                "sea_level": 1014.73,
                "grnd_level": 993.4,
                "humidity": 76,
                "temp_kf": 0
            },
            "weather": [
                {
                    "id": 600,
                    "main": "Snow",
                    "description": "light snow",
                    "icon": "13d"
                }
            ],
            "clouds": {
                "all": 92
            },
            "wind": {
                "speed": 1.17,
                "deg": 25.5023
            },
            "snow": {
                "3h": 1.155
            },
            "sys": {
                "pod": "d"
            },
            "dt_txt": "2019-02-13 21:00:00"
        },
        {
            "dt": 1550102400,
            "main": {
                "temp": 267.462,
                "temp_min": 267.462,
                "temp_max": 267.462,
                "pressure": 996.69,
                "sea_level": 1018.36,
                "grnd_level": 996.69,
                "humidity": 92,
                "temp_kf": 0
            },
            "weather": [
                {
                    "id": 600,
                    "main": "Snow",
                    "description": "light snow",
                    "icon": "13n"
                }
            ],
            "clouds": {
                "all": 80
            },
            "wind": {
                "speed": 1.07,
                "deg": 8.0029
            },
            "snow": {
                "3h": 0.84
            },
            "sys": {
                "pod": "n"
            },
            "dt_txt": "2019-02-14 00:00:00"
        },
        {
            "dt": 1550113200,
            "main": {
                "temp": 266.169,
                "temp_min": 266.169,
                "temp_max": 266.169,
                "pressure": 999.81,
                "sea_level": 1021.53,
                "grnd_level": 999.81,
                "humidity": 88,
                "temp_kf": 0
            },
            "weather": [
                {
                    "id": 600,
                    "main": "Snow",
                    "description": "light snow",
                    "icon": "13n"
                }
            ],
            "clouds": {
                "all": 88
            },
            "wind": {
                "speed": 0.86,
                "deg": 14.0001
            },
            "snow": {
                "3h": 1.0575
            },
            "sys": {
                "pod": "n"
            },
            "dt_txt": "2019-02-14 03:00:00"
        },
        {
            "dt": 1550124000,
            "main": {
                "temp": 265.745,
                "temp_min": 265.745,
                "temp_max": 265.745,
                "pressure": 1003.26,
                "sea_level": 1025.12,
                "grnd_level": 1003.26,
                "humidity": 92,
                "temp_kf": 0
            },
            "weather": [
                {
                    "id": 600,
                    "main": "Snow",
                    "description": "light snow",
                    "icon": "13n"
                }
            ],
            "clouds": {
                "all": 92
            },
            "wind": {
                "speed": 1.52,
                "deg": 338
            },
            "snow": {
                "3h": 0.8875
            },
            "sys": {
                "pod": "n"
            },
            "dt_txt": "2019-02-14 06:00:00"
        },
        {
            "dt": 1550134800,
            "main": {
                "temp": 264.2,
                "temp_min": 264.2,
                "temp_max": 264.2,
                "pressure": 1006.95,
                "sea_level": 1028.94,
                "grnd_level": 1006.95,
                "humidity": 88,
                "temp_kf": 0
            },
            "weather": [
                {
                    "id": 600,
                    "main": "Snow",
                    "description": "light snow",
                    "icon": "13n"
                }
            ],
            "clouds": {
                "all": 68
            },
            "wind": {
                "speed": 1.63,
                "deg": 330.503
            },
            "snow": {
                "3h": 0.18
            },
            "sys": {
                "pod": "n"
            },
            "dt_txt": "2019-02-14 09:00:00"
        },
        {
            "dt": 1550145600,
            "main": {
                "temp": 262.951,
                "temp_min": 262.951,
                "temp_max": 262.951,
                "pressure": 1011.21,
                "sea_level": 1033.28,
                "grnd_level": 1011.21,
                "humidity": 86,
                "temp_kf": 0
            },
            "weather": [
                {
                    "id": 800,
                    "main": "Clear",
                    "description": "clear sky",
                    "icon": "01n"
                }
            ],
            "clouds": {
                "all": 36
            },
            "wind": {
                "speed": 1.5,
                "deg": 346.001
            },
            "snow": {
                "3h": 0.0075000000000003
            },
            "sys": {
                "pod": "n"
            },
            "dt_txt": "2019-02-14 12:00:00"
        },
        {
            "dt": 1550156400,
            "main": {
                "temp": 265.631,
                "temp_min": 265.631,
                "temp_max": 265.631,
                "pressure": 1014.86,
                "sea_level": 1036.98,
                "grnd_level": 1014.86,
                "humidity": 70,
                "temp_kf": 0
            },
            "weather": [
                {
                    "id": 800,
                    "main": "Clear",
                    "description": "clear sky",
                    "icon": "01d"
                }
            ],
            "clouds": {
                "all": 0
            },
            "wind": {
                "speed": 1.46,
                "deg": 353.005
            },
            "snow": {},
            "sys": {
                "pod": "d"
            },
            "dt_txt": "2019-02-14 15:00:00"
        }
    ],
    "city": {
        "id": 6094817,
        "name": "Ottawa",
        "coord": {
            "lat": 45.4112,
            "lon": -75.6982
        },
        "country": "CA",
        "population": 812129
    }
}